-- phpMyAdmin SQL Dump
-- version 4.8.5
-- https://www.phpmyadmin.net/
--
-- Host: localhost
-- Generation Time: Apr 08, 2019 at 02:33 PM
-- Server version: 5.7.23
-- PHP Version: 7.2.10

SET SQL_MODE = "NO_AUTO_VALUE_ON_ZERO";
SET AUTOCOMMIT = 0;
START TRANSACTION;
SET time_zone = "+00:00";


/*!40101 SET @OLD_CHARACTER_SET_CLIENT=@@CHARACTER_SET_CLIENT */;
/*!40101 SET @OLD_CHARACTER_SET_RESULTS=@@CHARACTER_SET_RESULTS */;
/*!40101 SET @OLD_COLLATION_CONNECTION=@@COLLATION_CONNECTION */;
/*!40101 SET NAMES utf8mb4 */;

--
-- Database: `asset_manager`
--

-- --------------------------------------------------------

--
-- Table structure for table `assets`
--

CREATE TABLE IF NOT EXISTS `assets` (
  `asset_id` int(11) NOT NULL,
  `category_id` int(11) DEFAULT NULL,
  `qrcode` varchar(255) DEFAULT NULL,
  `notes` varchar(255) DEFAULT NULL,
  `createdAt` datetime DEFAULT NULL,
  `updatedAt` datetime DEFAULT NULL,
  PRIMARY KEY (`asset_id`)
) ENGINE=InnoDB DEFAULT CHARSET=utf8;

--
-- Dumping data for table `assets`
--

INSERT INTO `assets` (`asset_id`, `category_id`, `qrcode`, `notes`, `createdAt`, `updatedAt`) VALUES
(10000, 3, 'http://api.qrserver.com/v1/create-qr-code/?color=000000&bgcolor=FFFFFF&data=http%3A%2F%2Flocalhost%3A3000%2Fassets%2F10000&qzone=1&margin=0&size=400x400&ecc=L', 'Audio updated HDD Tested Windows updated', NULL, '2019-04-08 04:51:35'),
(10001, 3, 'http://api.qrserver.com/v1/create-qr-code/?color=000000&bgcolor=FFFFFF&data=http%3A%2F%2Flocalhost%3A3000%2Fassets%2F10001&qzone=1&margin=0&size=400x400&ecc=L', ' HDD Wiped', NULL, NULL),
(10002, 3, 'http://api.qrserver.com/v1/create-qr-code/?color=000000&bgcolor=FFFFFF&data=http%3A%2F%2Flocalhost%3A3000%2Fassets%2F10002&qzone=1&margin=0&size=400x400&ecc=L', 'Audio updated', NULL, NULL),
(10003, 3, 'http://api.qrserver.com/v1/create-qr-code/?color=000000&bgcolor=FFFFFF&data=http%3A%2F%2Flocalhost%3A3000%2Fassets%2F10003&qzone=1&margin=0&size=400x400&ecc=L', ' HDD Wiped', NULL, NULL),
(10004, 1, 'http://api.qrserver.com/v1/create-qr-code/?color=000000&bgcolor=FFFFFF&data=http%3A%2F%2Flocalhost%3A3000%2Fassets%2F10004&qzone=1&margin=0&size=400x400&ecc=L', 'Audio updated', NULL, NULL),
(10005, 1, 'http://api.qrserver.com/v1/create-qr-code/?color=000000&bgcolor=FFFFFF&data=http%3A%2F%2Flocalhost%3A3000%2Fassets%2F10005&qzone=1&margin=0&size=400x400&ecc=L', 'Audio updated', NULL, NULL),
(10006, 1, 'http://api.qrserver.com/v1/create-qr-code/?color=000000&bgcolor=FFFFFF&data=http%3A%2F%2Flocalhost%3A3000%2Fassets%2F10006&qzone=1&margin=0&size=400x400&ecc=L', 'Audio updated', NULL, NULL),
(10008, 1, 'http://api.qrserver.com/v1/create-qr-code/?color=000000&bgcolor=FFFFFF&data=http%3A%2F%2Flocalhost%3A3000%2Fassets%2F10008&qzone=1&margin=0&size=400x400&ecc=L', 'Audio updated', NULL, NULL),
(10010, 1, 'http://api.qrserver.com/v1/create-qr-code/?color=000000&bgcolor=FFFFFF&data=http%3A%2F%2Flocalhost%3A3000%2Fassets%2F10010&qzone=1&margin=0&size=400x400&ecc=Lhttp://api.qrserver.com/v1/create-qr-code/?color=000000&bgcolor=FFFFFF&data=http%3A%2F%2Flocalhos', 'Audio updated', NULL, NULL),
(10011, NULL, NULL, 'Audio updated HDD Tested', NULL, '2019-04-08 14:28:28');

-- --------------------------------------------------------

--
-- Table structure for table `asset_to_attributes`
--

CREATE TABLE IF NOT EXISTS `asset_to_attributes` (
  `asset_to_attributes_id` int(11) NOT NULL AUTO_INCREMENT,
  `asset_id` int(11) DEFAULT NULL,
  `attribute_id` int(11) DEFAULT NULL,
  `attribute_value` varchar(255) DEFAULT NULL,
  `createdAt` datetime DEFAULT NULL,
  `updatedAt` datetime DEFAULT NULL,
  PRIMARY KEY (`asset_to_attributes_id`)
) ENGINE=InnoDB AUTO_INCREMENT=1534 DEFAULT CHARSET=utf8;

--
-- Dumping data for table `asset_to_attributes`
--

INSERT INTO `asset_to_attributes` (`asset_to_attributes_id`, `asset_id`, `attribute_id`, `attribute_value`, `createdAt`, `updatedAt`) VALUES
(11, 10017, 1, 'STI-CSR-10017', '2019-03-18 12:35:30', '2019-03-18 12:35:30'),
(12, 10017, 2, 'Chelsie', '2019-03-18 12:35:30', '2019-03-18 12:35:30'),
(13, 10017, 3, 'STI', '2019-03-18 12:35:30', '2019-03-18 12:35:30'),
(14, 10017, 4, 'CSR', '2019-03-18 12:35:30', '2019-03-18 12:35:30'),
(15, 10017, 5, 'A4', '2019-03-18 12:35:30', '2019-03-18 12:35:30'),
(31, 10004, 1, 'STI-CSR-10004', '2019-03-18 12:35:30', '2019-03-18 12:35:30'),
(32, 10004, 2, 'Jesus', '2019-03-18 12:35:30', '2019-03-24 11:57:27'),
(33, 10004, 3, 'STI', '2019-03-18 12:35:30', '2019-03-18 12:35:30'),
(34, 10004, 4, 'CSR', '2019-03-18 12:35:30', '2019-03-18 12:35:30'),
(35, 10004, 5, 'B3', '2019-03-18 12:35:30', '2019-03-18 12:35:30'),
(98, 10119, 1, 'STI-IT-10119', '2019-03-18 12:35:30', '2019-03-18 12:35:30'),
(99, 10119, 2, 'Not in use', '2019-03-18 12:35:30', '2019-03-18 12:35:30'),
(100, 10119, 3, 'STI', '2019-03-18 12:35:30', '2019-03-18 12:35:30'),
(101, 10119, 4, 'IT', '2019-03-18 12:35:30', '2019-03-18 12:35:30'),
(102, 10119, 5, 'No record found', '2019-03-18 12:35:30', '2019-03-18 12:35:30'),
(103, 10119, 6, 'AMD Sempron', '2019-03-18 12:35:30', '2019-03-18 12:35:30'),
(104, 10119, 7, '320GB HDD', '2019-03-18 12:35:30', '2019-03-18 12:35:30'),
(105, 10119, 8, '2GB RAM', '2019-03-18 12:35:30', '2019-03-18 12:35:30'),
(106, 10119, 9, 'PASS', '2019-03-18 12:35:30', '2019-03-18 12:35:30'),
(107, 10119, 10, 'PASS', '2019-03-18 12:35:30', '2019-03-18 12:35:30'),
(108, 10119, 11, '3/24/2016', '2019-03-18 12:35:30', '2019-03-18 12:35:30'),
(186, 10004, 6, '----------', '2019-03-18 12:35:30', '2019-03-18 12:35:30'),
(187, 10004, 7, 'test', '2019-03-18 12:35:30', '2019-03-18 12:35:30'),
(188, 10004, 8, '----------', '2019-03-18 12:35:30', '2019-03-18 12:35:30'),
(189, 10004, 9, 'test', '2019-03-18 12:35:30', '2019-03-18 12:35:30'),
(190, 10004, 10, '----------', '2019-03-18 12:35:30', '2019-03-18 12:35:30'),
(191, 10004, 11, '----------', '2019-03-18 12:35:30', '2019-03-18 12:35:30'),
(411, 10017, 6, '----------', '2019-03-18 12:35:30', '2019-03-18 12:35:30'),
(412, 10017, 7, '----------', '2019-03-18 12:35:30', '2019-03-18 12:35:30'),
(413, 10017, 8, '----------', '2019-03-18 12:35:30', '2019-03-18 12:35:30'),
(414, 10017, 9, '----------', '2019-03-18 12:35:30', '2019-03-18 12:35:30'),
(415, 10017, 10, '----------', '2019-03-18 12:35:30', '2019-03-18 12:35:30'),
(416, 10017, 11, '----------', '2019-03-18 12:35:30', '2019-03-18 12:35:30'),
(1140, 11001, 1, 'Test Name', '2019-03-18 12:35:30', '2019-03-18 12:35:30'),
(1141, 11001, 2, '----------', '2019-03-18 12:35:30', '2019-03-18 12:35:30'),
(1142, 11001, 3, 'Test Company', '2019-03-18 12:35:30', '2019-03-18 12:35:30'),
(1143, 11001, 4, '----------', '2019-03-18 12:35:30', '2019-03-18 12:35:30'),
(1144, 11001, 5, '----------', '2019-03-18 12:35:30', '2019-03-18 12:35:30'),
(1145, 11001, 11, '----------', '2019-03-18 12:35:30', '2019-03-18 12:35:30'),
(1146, 11001, 12, '----------', '2019-03-18 12:35:30', '2019-03-18 12:35:30'),
(1147, 11001, 13, '----------', '2019-03-18 12:35:30', '2019-03-18 12:35:30'),
(1156, 10075, 1, 'Seagate', '2019-03-18 12:35:30', '2019-03-18 12:35:30'),
(1157, 10075, 7, '320 GB', '2019-03-18 12:35:30', '2019-03-18 12:35:30'),
(1158, 10075, 10, 'PASS', '2019-03-18 12:35:30', '2019-03-18 12:35:30'),
(1159, 10075, 11, '4/13/2016', '2019-03-18 12:35:30', '2019-03-18 12:35:30'),
(1160, 10075, 12, 'Barracuda 7200.10 ', '2019-03-18 12:35:30', '2019-03-18 12:35:30'),
(1161, 10075, 13, '9QF9AN32', '2019-03-18 12:35:30', '2019-03-18 12:35:30'),
(1209, 10034, 1, 'Western Digital', '2019-03-18 12:35:30', '2019-03-18 12:35:30'),
(1210, 10034, 7, '1 TB', '2019-03-18 12:35:30', '2019-03-18 12:35:30'),
(1211, 10034, 10, 'PASS', '2019-03-18 12:35:30', '2019-03-18 12:35:30'),
(1212, 10034, 11, '4/13/2016', '2019-03-18 12:35:30', '2019-03-18 12:35:30'),
(1213, 10034, 12, 'WD10EALX', '2019-03-18 12:35:30', '2019-03-18 12:35:30'),
(1214, 10034, 13, 'WCATR8649400', '2019-03-18 12:35:30', '2019-03-18 12:35:30'),
(1228, 88338, 13, '88338 - SN', '2019-03-18 12:35:30', '2019-03-18 12:35:30'),
(1272, 20000, 12, '20000 - Model', '2019-03-18 12:35:30', '2019-03-18 12:35:30'),
(1273, 20000, 13, '20000 - SN', '2019-03-18 12:35:30', '2019-03-18 12:35:30'),
(1285, 10002, 1, 'Storage - 10002 - Storage', '2019-03-18 12:35:30', '2019-03-24 06:36:11'),
(1286, 10002, 7, 'Gorstage Storage', '2019-03-18 12:35:30', '2019-03-24 06:44:11'),
(1287, 10002, 10, 'Storage - 10002 - Storage', '2019-03-18 12:35:30', '2019-03-24 06:36:11'),
(1288, 10002, 11, 'Storage - 10002 - Storage', '2019-03-18 12:35:30', '2019-03-24 06:36:11'),
(1289, 10002, 12, 'Storage - 10002 - Storage', '2019-03-18 12:35:30', '2019-03-24 06:36:11'),
(1290, 10002, 13, 'Storage - 10002 - Storage', '2019-03-18 12:35:30', '2019-03-24 06:36:11'),
(1361, 10110, 1, 'N/A', '2019-03-18 12:35:30', '2019-03-18 12:35:30'),
(1362, 10110, 2, '----------', '2019-03-18 12:35:30', '2019-03-18 12:35:30'),
(1363, 10110, 3, '----------', '2019-03-18 12:35:30', '2019-03-18 12:35:30'),
(1364, 10110, 4, '----------', '2019-03-18 12:35:30', '2019-03-18 12:35:30'),
(1365, 10110, 5, '----------', '2019-03-18 12:35:30', '2019-03-18 12:35:30'),
(1366, 10110, 6, 'Phenom II x4', '2019-03-18 12:35:30', '2019-03-18 12:35:30'),
(1367, 10110, 7, '1000GB HDD', '2019-03-18 12:35:30', '2019-03-18 12:35:30'),
(1368, 10110, 8, '6GB RAM', '2019-03-18 12:35:30', '2019-03-18 12:35:30'),
(1369, 10110, 9, 'PASS', '2019-03-18 12:35:30', '2019-03-18 12:35:30'),
(1370, 10110, 10, 'PASS', '2019-03-18 12:35:30', '2019-03-18 12:35:30'),
(1371, 10110, 11, '3/21/2016', '2019-03-18 12:35:30', '2019-03-18 12:35:30'),
(1490, 10006, 1, '----------', '2019-03-18 12:35:30', '2019-03-18 12:35:30'),
(1491, 10006, 2, '----------', '2019-03-18 12:35:30', '2019-03-18 12:35:30'),
(1492, 10006, 3, '----------', '2019-03-18 12:35:30', '2019-03-18 12:35:30'),
(1493, 10006, 4, '----------', '2019-03-18 12:35:30', '2019-03-18 12:35:30'),
(1494, 10006, 5, '----------', '2019-03-18 12:35:30', '2019-03-18 12:35:30'),
(1495, 10006, 6, '----------', '2019-03-18 12:35:30', '2019-03-18 12:35:30'),
(1496, 10006, 7, '----------', '2019-03-18 12:35:30', '2019-03-18 12:35:30'),
(1497, 10006, 8, '----------', '2019-03-18 12:35:30', '2019-03-18 12:35:30'),
(1498, 10006, 9, '----------', '2019-03-18 12:35:30', '2019-03-18 12:35:30'),
(1499, 10006, 10, '----------', '2019-03-18 12:35:30', '2019-03-18 12:35:30'),
(1500, 10006, 11, '----------', '2019-03-18 12:35:30', '2019-03-18 12:35:30'),
(1512, 10008, 1, '----------', '2019-03-18 12:35:30', '2019-03-18 12:35:30'),
(1513, 10008, 2, '----------', '2019-03-18 12:35:30', '2019-03-18 12:35:30'),
(1514, 10008, 3, '----------', '2019-03-18 12:35:30', '2019-03-18 12:35:30'),
(1515, 10008, 4, '----------', '2019-03-18 12:35:30', '2019-03-18 12:35:30'),
(1516, 10008, 5, '----------', '2019-03-18 12:35:30', '2019-03-18 12:35:30'),
(1517, 10008, 6, '----------', '2019-03-18 12:35:30', '2019-03-18 12:35:30'),
(1518, 10008, 7, '----------', '2019-03-18 12:35:30', '2019-03-18 12:35:30'),
(1519, 10008, 8, '----------', '2019-03-18 12:35:30', '2019-03-18 12:35:30'),
(1520, 10008, 9, '----------', '2019-03-18 12:35:30', '2019-03-18 12:35:30'),
(1521, 10008, 10, '----------', '2019-03-18 12:35:30', '2019-03-18 12:35:30'),
(1522, 10008, 11, '----------', '2019-03-18 12:35:30', '2019-03-18 12:35:30'),
(1523, 10009, 1, '----------', '2019-03-18 12:35:30', '2019-03-18 12:35:30'),
(1524, 10009, 2, '----------', '2019-03-18 12:35:30', '2019-03-18 12:35:30'),
(1525, 10009, 3, '----------', '2019-03-18 12:35:30', '2019-03-18 12:35:30'),
(1526, 10009, 4, '----------', '2019-03-18 12:35:30', '2019-03-18 12:35:30'),
(1527, 10009, 5, '----------', '2019-03-18 12:35:30', '2019-03-18 12:35:30'),
(1528, 10009, 6, '----------', '2019-03-18 12:35:30', '2019-03-18 12:35:30'),
(1529, 10009, 7, '----------', '2019-03-18 12:35:30', '2019-03-18 12:35:30'),
(1530, 10009, 8, '----------', '2019-03-18 12:35:30', '2019-03-18 12:35:30'),
(1531, 10009, 9, '----------', '2019-03-18 12:35:30', '2019-03-18 12:35:30'),
(1532, 10009, 10, '----------', '2019-03-18 12:35:30', '2019-03-18 12:35:30'),
(1533, 10009, 11, '----------', '2019-03-18 12:35:30', '2019-03-18 12:35:30');

-- --------------------------------------------------------

--
-- Table structure for table `asset_to_notes`
--

CREATE TABLE IF NOT EXISTS `asset_to_notes` (
  `asset_to_note_id` int(11) NOT NULL AUTO_INCREMENT,
  `asset_id` int(11) DEFAULT NULL,
  `note_id` int(11) DEFAULT NULL,
  `notes` varchar(255) DEFAULT NULL,
  `createdAt` datetime DEFAULT NULL,
  `updatedAt` datetime DEFAULT NULL,
  PRIMARY KEY (`asset_to_note_id`)
) ENGINE=InnoDB AUTO_INCREMENT=157 DEFAULT CHARSET=utf8;

--
-- Dumping data for table `asset_to_notes`
--

INSERT INTO `asset_to_notes` (`asset_to_note_id`, `asset_id`, `note_id`, `notes`, `createdAt`, `updatedAt`) VALUES
(6, 10119, 1, 'HDD Wiped', '2019-03-21 15:00:02', '2018-04-01 21:25:24'),
(17, 10004, 1, '----------', '2019-03-21 15:00:02', '2018-04-05 22:39:54'),
(36, 10017, 1, 'Audio updated', '2019-03-21 15:00:02', '2018-04-13 15:26:09'),
(65, 10005, 1, 'TEST TEST TEST ', '2019-03-21 15:00:02', '2018-04-19 19:39:47'),
(70, 10039, 1, '----------', '2019-03-21 15:00:02', '2018-04-29 19:54:50'),
(73, 10040, 1, '----------', '2019-03-21 15:00:02', '2018-04-29 20:25:56'),
(74, 10041, 1, '----------', '2019-03-21 15:00:02', '2018-04-29 20:39:36'),
(95, 11001, 1, 'Test Notes', '2019-03-21 15:00:02', '2018-05-04 18:10:16'),
(97, 10075, 1, '----------', '2019-03-21 15:00:02', '2018-05-04 22:18:13'),
(110, 10034, 1, '1034 - NOTES', '2019-03-21 15:00:02', '2018-05-25 21:54:38'),
(122, 10002, 1, 'Audio updated', '2019-03-21 15:00:02', '2018-06-20 14:29:43'),
(126, 10012, 1, 'Audio updated', '2019-03-21 15:00:02', '2018-06-30 20:23:06'),
(127, 10010, 1, 'Audio updated, moved to ext. 7904', '2019-03-21 15:00:02', '2018-06-30 20:33:10'),
(128, 10029, 1, 'Installed: iSymphony, Silverlight 10/24/2016', '2019-03-21 15:00:02', '2018-06-30 20:54:02'),
(129, 10024, 1, '----------', '2019-03-21 15:00:02', '2018-06-30 20:57:21'),
(130, 10110, 1, 'HD Wiped', '2019-03-21 15:00:02', '2018-07-28 17:26:14'),
(131, 10127, 1, 'HD Needs review (NOT WIPED) - Server files - Mysql User Alimovz', '2019-03-21 15:00:02', '2018-07-28 17:59:18'),
(132, 10124, 1, 'HD Wiped', '2019-03-21 15:00:02', '2018-07-28 18:01:53'),
(133, 10132, 1, 'HD Wiped', '2019-03-21 15:00:02', '2018-07-28 18:15:13'),
(135, 10107, 1, '----------', '2019-03-21 15:00:02', '2018-07-28 18:37:47'),
(140, 10083, 1, 'Just a test', '2019-03-21 15:00:02', '2018-09-30 19:22:12'),
(141, 10083, 1, 'Just a test', '2019-03-21 15:00:02', '2018-09-30 19:22:12'),
(142, 10014, 1, 'Audio updated', '2019-03-21 15:00:02', '2018-10-03 17:04:07'),
(143, 10079, 1, 'Audio updated', '2019-03-21 15:00:02', '2018-10-03 17:04:54'),
(144, 10019, 1, 'Audio updated', '2019-03-21 15:00:02', '2018-10-03 17:08:36'),
(145, 10020, 1, 'Audio updated', '2019-03-21 15:00:02', '2018-10-03 17:10:14'),
(146, 10101, 1, 'Audio updated', '2019-03-21 15:00:02', '2018-10-03 22:23:34'),
(147, 10006, 1, 'Audio updated', '2019-03-21 15:00:02', '2018-10-03 22:24:53'),
(148, 10021, 1, 'Audio updated', '2019-03-21 15:00:02', '2018-10-03 22:29:13'),
(149, 10008, 1, 'Audio updated', '2019-03-21 15:00:02', '2018-10-03 22:37:51'),
(150, 10009, 1, 'Audio updated', '2019-03-21 15:00:02', '2018-10-03 22:39:25'),
(151, 10027, 1, 'Audio updated', '2019-03-21 15:00:02', '2018-10-03 22:47:27'),
(152, 10026, 1, 'Audio updated', '2019-03-21 15:00:02', '2018-10-04 13:18:10'),
(153, 10076, 1, 'Audio updated', '2019-03-21 15:00:02', '2018-10-04 13:21:33'),
(154, 10033, 1, 'Gray box, updated silverlight', '2019-03-21 15:00:02', '2018-10-25 15:02:55'),
(155, 10033, 1, 'Gray box, updated silverlight', '2019-03-21 15:00:02', '2018-10-25 15:02:55'),
(156, 10018, 1, 'Unused switched with Jim', '2019-03-21 15:00:02', '2018-10-25 15:17:18');

-- --------------------------------------------------------

--
-- Table structure for table `attributes`
--

CREATE TABLE IF NOT EXISTS `attributes` (
  `attribute_id` int(11) NOT NULL AUTO_INCREMENT,
  `attribute_name` varchar(255) DEFAULT NULL,
  `createdAt` datetime DEFAULT NULL,
  `updatedAt` datetime DEFAULT NULL,
  PRIMARY KEY (`attribute_id`)
) ENGINE=InnoDB AUTO_INCREMENT=14 DEFAULT CHARSET=utf8;

--
-- Dumping data for table `attributes`
--

INSERT INTO `attributes` (`attribute_id`, `attribute_name`, `createdAt`, `updatedAt`) VALUES
(1, 'Name', '2019-03-18 12:42:38', '2019-03-18 12:42:38'),
(2, 'User', '2019-03-18 12:42:38', '2019-03-18 12:42:38'),
(3, 'Company', '2019-03-18 12:42:38', '2019-03-18 12:42:38'),
(4, 'Department', '2019-03-18 12:42:38', '2019-03-18 12:42:38'),
(5, 'Station', '2019-03-18 12:42:38', '2019-03-18 12:42:38'),
(6, 'Processor', '2019-03-18 12:42:38', '2019-03-18 12:42:38'),
(7, 'Storage', '2019-03-18 12:42:38', '2019-03-18 12:42:38'),
(8, 'Memory', '2019-03-18 12:42:38', '2019-03-18 12:42:38'),
(9, 'RAM Test', '2019-03-18 12:42:38', '2019-03-18 12:42:38'),
(10, 'HDD Test', '2019-03-18 12:42:38', '2019-03-18 12:42:38'),
(11, 'Date Tested', '2019-03-18 12:42:38', '2019-03-18 12:42:38'),
(12, 'Model', '2019-03-18 12:42:38', '2019-03-18 12:42:38'),
(13, 'Serial Number', '2019-03-18 12:42:38', '2019-03-18 12:42:38');

-- --------------------------------------------------------

--
-- Table structure for table `categories`
--

CREATE TABLE IF NOT EXISTS `categories` (
  `category_id` int(11) NOT NULL AUTO_INCREMENT,
  `category_name` varchar(255) DEFAULT NULL,
  `createdAt` datetime DEFAULT NULL,
  `updatedAt` datetime DEFAULT NULL,
  PRIMARY KEY (`category_id`)
) ENGINE=InnoDB AUTO_INCREMENT=6 DEFAULT CHARSET=utf8;

--
-- Dumping data for table `categories`
--

INSERT INTO `categories` (`category_id`, `category_name`, `createdAt`, `updatedAt`) VALUES
(1, 'Computers', '2019-03-18 12:43:36', '2019-03-18 12:43:36'),
(2, 'Phones', '2019-03-18 12:43:36', '2019-03-18 12:43:36'),
(3, 'HDD', '2019-03-18 12:43:36', '2019-03-18 12:43:36'),
(4, 'new test category', '2019-03-22 20:47:19', '2019-03-22 21:01:51'),
(5, 'second new test category ', '2019-03-22 21:10:17', '2019-03-22 21:11:14');

-- --------------------------------------------------------

--
-- Table structure for table `category_to_attributes`
--

CREATE TABLE IF NOT EXISTS `category_to_attributes` (
  `category_to_attributes_id` int(11) NOT NULL AUTO_INCREMENT,
  `attribute_id` int(11) DEFAULT NULL,
  `category_id` int(11) DEFAULT NULL,
  `createdAt` datetime DEFAULT NULL,
  `updatedAt` datetime DEFAULT NULL,
  PRIMARY KEY (`category_to_attributes_id`)
) ENGINE=InnoDB AUTO_INCREMENT=27 DEFAULT CHARSET=utf8;

--
-- Dumping data for table `category_to_attributes`
--

INSERT INTO `category_to_attributes` (`category_to_attributes_id`, `attribute_id`, `category_id`, `createdAt`, `updatedAt`) VALUES
(1, 1, 1, '2019-03-18 12:45:24', '2019-03-18 12:45:24'),
(2, 2, 1, '2019-03-18 12:45:24', '2019-03-18 12:45:24'),
(3, 3, 1, '2019-03-18 12:45:24', '2019-03-18 12:45:24'),
(4, 4, 1, '2019-03-18 12:45:24', '2019-03-18 12:45:24'),
(5, 5, 1, '2019-03-18 12:45:24', '2019-03-18 12:45:24'),
(6, 6, 1, '2019-03-18 12:45:24', '2019-03-18 12:45:24'),
(7, 7, 1, '2019-03-18 12:45:24', '2019-03-18 12:45:24'),
(8, 8, 1, '2019-03-18 12:45:24', '2019-03-18 12:45:24'),
(9, 9, 1, '2019-03-18 12:45:24', '2019-03-18 12:45:24'),
(10, 10, 1, '2019-03-18 12:45:24', '2019-03-18 12:45:24'),
(11, 11, 1, '2019-03-18 12:45:24', '2019-03-18 12:45:24'),
(12, 11, 2, '2019-03-18 12:45:24', '2019-03-18 12:45:24'),
(13, 11, 3, '2019-03-18 12:45:24', '2019-03-18 12:45:24'),
(14, 12, 2, '2019-03-18 12:45:24', '2019-03-18 12:45:24'),
(15, 12, 3, '2019-03-18 12:45:24', '2019-03-18 12:45:24'),
(16, 13, 3, '2019-03-18 12:45:24', '2019-03-18 12:45:24'),
(17, 13, 2, '2019-03-18 12:45:24', '2019-03-18 12:45:24'),
(18, 1, 2, '2019-03-18 12:45:24', '2019-03-18 12:45:24'),
(19, 1, 3, '2019-03-18 12:45:24', '2019-03-18 12:45:24'),
(20, 7, 3, '2019-03-18 12:45:24', '2019-03-18 12:45:24'),
(21, 2, 2, '2019-03-18 12:45:24', '2019-03-18 12:45:24'),
(22, 10, 3, '2019-03-18 12:45:24', '2019-03-18 12:45:24'),
(23, 2, 3, '2019-03-18 12:45:24', '2019-03-18 12:45:24'),
(24, 3, 2, '2019-03-18 12:45:24', '2019-03-18 12:45:24'),
(25, 4, 2, '2019-03-18 12:45:24', '2019-03-18 12:45:24'),
(26, 5, 2, '2019-03-18 12:45:24', '2019-03-18 12:45:24');
COMMIT;

/*!40101 SET CHARACTER_SET_CLIENT=@OLD_CHARACTER_SET_CLIENT */;
/*!40101 SET CHARACTER_SET_RESULTS=@OLD_CHARACTER_SET_RESULTS */;
/*!40101 SET COLLATION_CONNECTION=@OLD_COLLATION_CONNECTION */;
